{
  "project_info": {
    "project_number": "264317310162",
    "project_id": "diabetestech-f6a8b",
    "storage_bucket": "diabetestech-f6a8b.appspot.com"
  },
  "client": [
    {
      "client_info": {
        "mobilesdk_app_id": "1:264317310162:android:2c17e4e3d662e7a1c0890b",
        "android_client_info": {
          "package_name": "com.diabetestech"
        }
      },
      "oauth_client": [
        {
          "client_id": "264317310162-6vmlom18m0qd88bnvg3mlanptqqsgv91.apps.googleusercontent.com",
          "client_type": 3
        }
      ],
      "api_key": [
        {
          "current_key": "AIzaSyApAieOQ5NrWKMi64W8io5E6DnhHlBoXQg"
        }
      ],
      "services": {
        "appinvite_service": {
          "other_platform_oauth_client": [
            {
              "client_id": "264317310162-6vmlom18m0qd88bnvg3mlanptqqsgv91.apps.googleusercontent.com",
              "client_type": 3
            }
          ]
        }
      }
    }
  ],
  "configuration_version": "1"
}